{"stats":{"minecraft:killed_by":{"minecraft:creeper":2,"minecraft:cave_spider":1,"minecraft:skeleton":2},"minecraft:mined":{"minecraft:dark_oak_planks":1,"minecraft:white_bed":4,"minecraft:oak_sapling":3,"minecraft:jungle_leaves":263,"minecraft:potted_cactus":2,"minecraft:granite":1,"minecraft:red_sand":4,"minecraft:acacia_log":77,"minecraft:grass_block":98,"minecraft:jungle_log":340,"minecraft:hopper":2,"minecraft:spawner":2,"minecraft:smooth_stone":12,"minecraft:tall_seagrass":1,"minecraft:iron_ore":279,"minecraft:fire":20,"minecraft:deepslate_lapis_ore":3,"minecraft:anvil":1,"minecraft:pointed_dripstone":1,"minecraft:oak_stairs":13,"minecraft:iron_bars":12,"minecraft:green_bed":1,"minecraft:smoker":24,"minecraft:orange_terracotta":72,"minecraft:torch":33,"minecraft:light_gray_terracotta":2,"minecraft:blast_furnace":8,"minecraft:dead_bush":49,"minecraft:glass":12,"minecraft:cobblestone":160,"minecraft:sugar_cane":193,"minecraft:oak_planks":4,"minecraft:wall_torch":13,"minecraft:white_terracotta":51,"minecraft:birch_log":170,"minecraft:lilac":1,"minecraft:birch_door":1,"minecraft:oak_log":112,"minecraft:sand":496,"minecraft:dirt":196,"minecraft:sandstone_wall":1,"minecraft:oak_leaves":138,"minecraft:yellow_terracotta":107,"minecraft:lever":1,"minecraft:jungle_planks":27,"minecraft:redstone_wire":14,"minecraft:birch_slab":4,"minecraft:sandstone":73,"minecraft:hay_block":41,"minecraft:redstone_ore":4,"minecraft:furnace":25,"minecraft:jungle_sapling":2,"minecraft:andesite":1,"minecraft:bell":1,"minecraft:bookshelf":9,"minecraft:deepslate_iron_ore":8,"minecraft:cobblestone_slab":4,"minecraft:vine":39,"minecraft:lantern":2,"minecraft:bamboo_sapling":4,"minecraft:bamboo":9,"minecraft:stone":1056,"minecraft:oak_slab":19,"minecraft:birch_stairs":3,"minecraft:acacia_leaves":7,"minecraft:glass_pane":1,"minecraft:oak_fence":2,"minecraft:smooth_sandstone":6,"minecraft:crafting_table":17,"minecraft:short_grass":51,"minecraft:emerald_ore":4,"minecraft:lectern":1,"minecraft:tall_grass":1,"minecraft:copper_ore":8,"minecraft:lapis_ore":2,"minecraft:diorite":1,"minecraft:red_terracotta":30,"minecraft:birch_planks":15,"minecraft:cactus":31,"minecraft:birch_leaves":124,"minecraft:coal_ore":421,"minecraft:gravel":23,"minecraft:dripstone_block":4,"minecraft:cobweb":6,"minecraft:brown_terracotta":47,"minecraft:terracotta":283,"minecraft:acacia_planks":3,"minecraft:gold_ore":7,"minecraft:fern":1},"minecraft:broken":{"minecraft:stone_axe":1,"minecraft:iron_hoe":2,"minecraft:iron_axe":3,"minecraft:iron_pickaxe":8,"minecraft:iron_helmet":1},"minecraft:custom":{"minecraft:interact_with_crafting_table":84,"minecraft:bell_ring":10,"minecraft:leave_game":6,"minecraft:time_since_death":279341,"minecraft:sprint_one_cm":1898019,"minecraft:damage_blocked_by_shield":3795,"minecraft:drop":193,"minecraft:talked_to_villager":3,"minecraft:play_time":535059,"minecraft:deaths":5,"minecraft:jump":9946,"minecraft:walk_on_water_one_cm":102756,"minecraft:interact_with_furnace":120,"minecraft:interact_with_loom":1,"minecraft:sleep_in_bed":10,"minecraft:damage_dealt":25505,"minecraft:player_kills":3,"minecraft:crouch_one_cm":202265,"minecraft:interact_with_smoker":58,"minecraft:mob_kills":196,"minecraft:interact_with_anvil":3,"minecraft:inspect_hopper":9,"minecraft:climb_one_cm":11282,"minecraft:walk_one_cm":1336237,"minecraft:sneak_time":53181,"minecraft:walk_under_water_one_cm":91404,"minecraft:boat_one_cm":150511,"minecraft:interact_with_blast_furnace":46,"minecraft:total_world_time":535059,"minecraft:pot_flower":1,"minecraft:time_since_rest":13278,"minecraft:damage_absorbed":20,"minecraft:damage_taken":10069,"minecraft:swim_one_cm":161448,"minecraft:fly_one_cm":1887285,"minecraft:open_chest":192,"minecraft:fall_one_cm":288085},"minecraft:dropped":{"minecraft:iron_sword":1,"minecraft:cooked_beef":2,"minecraft:oak_log":55,"minecraft:cooked_porkchop":8,"minecraft:flint":3,"minecraft:dirt":59,"minecraft:bone_meal":1,"minecraft:sand":15,"minecraft:iron_pickaxe":3,"minecraft:bone":8,"minecraft:gravel":19,"minecraft:stone_axe":1,"minecraft:cooked_chicken":1,"minecraft:wheat":189,"minecraft:birch_sapling":4,"minecraft:pointed_dripstone":1,"minecraft:rotten_flesh":18,"minecraft:oak_planks":2,"minecraft:cooked_mutton":1,"minecraft:rabbit_hide":1,"minecraft:gunpowder":11,"minecraft:acacia_sapling":4,"minecraft:arrow":5,"minecraft:glass":42,"minecraft:beef":1,"minecraft:egg":1,"minecraft:bread":5,"minecraft:wheat_seeds":13,"minecraft:lilac":1,"minecraft:dripstone_block":3,"minecraft:feather":2,"minecraft:cobblestone":77,"minecraft:granite":1,"minecraft:copper_ingot":1,"minecraft:coal":32,"minecraft:stick":14,"minecraft:cobweb":1,"minecraft:gray_wool":1,"minecraft:ink_sac":8,"minecraft:rabbit":1,"minecraft:iron_leggings":1,"minecraft:oak_stairs":18,"minecraft:jungle_leaves":1,"minecraft:armadillo_scute":2,"minecraft:iron_axe":3,"minecraft:cactus":1,"minecraft:smooth_stone":9,"minecraft:smooth_sandstone":2,"minecraft:iron_shovel":2,"minecraft:string":34,"minecraft:raw_copper":3,"minecraft:light_gray_terracotta":2,"minecraft:stone_shovel":1,"minecraft:light_gray_wool":1,"minecraft:iron_boots":1,"minecraft:cobblestone_slab":60,"minecraft:orange_terracotta":1,"minecraft:iron_chestplate":1,"minecraft:oak_sapling":2,"minecraft:bamboo":51,"minecraft:red_sand":5,"minecraft:stone_pickaxe":2,"minecraft:wooden_pickaxe":3,"minecraft:terracotta":2},"minecraft:picked_up":{"minecraft:birch_door":1,"minecraft:iron_chestplate":4,"minecraft:wheat":189,"minecraft:flower_pot":2,"minecraft:anvil":1,"minecraft:oak_stairs":13,"minecraft:enchanted_book":1,"minecraft:string":56,"minecraft:raw_copper":28,"minecraft:cooked_salmon":61,"minecraft:iron_leggings":4,"minecraft:red_sand":6,"minecraft:smooth_stone":12,"minecraft:cobblestone_slab":65,"minecraft:iron_pickaxe":5,"minecraft:furnace":25,"minecraft:iron_boots":3,"minecraft:stick":120,"minecraft:brown_terracotta":34,"minecraft:oak_fence":2,"minecraft:acacia_log":140,"minecraft:torch":53,"minecraft:green_bed":1,"minecraft:porkchop":35,"minecraft:sandstone_wall":1,"minecraft:pointed_dripstone":1,"minecraft:diorite":1,"minecraft:vine":20,"minecraft:cactus":82,"minecraft:rotten_flesh":26,"minecraft:armadillo_scute":2,"minecraft:white_terracotta":46,"minecraft:iron_bars":7,"minecraft:cobblestone":1292,"minecraft:birch_log":386,"minecraft:cooked_beef":25,"minecraft:feather":2,"minecraft:lilac":3,"minecraft:birch_slab":4,"minecraft:water_bucket":3,"minecraft:andesite":1,"minecraft:jungle_log":339,"minecraft:smoker":27,"minecraft:flint":8,"minecraft:lantern":2,"minecraft:lapis_lazuli":33,"minecraft:dirt":318,"minecraft:glass":42,"minecraft:bone":23,"minecraft:acacia_planks":3,"minecraft:bow":2,"minecraft:wheat_seeds":15,"minecraft:raw_gold":7,"minecraft:bell":1,"minecraft:rabbit":3,"minecraft:bamboo":119,"minecraft:oak_planks":47,"minecraft:cooked_porkchop":16,"minecraft:jungle_planks":27,"minecraft:sand":548,"minecraft:ink_sac":8,"minecraft:grass_block":37,"minecraft:red_terracotta":30,"minecraft:jungle_leaves":1,"minecraft:iron_hoe":2,"minecraft:light_gray_terracotta":4,"minecraft:diamond":4,"minecraft:lever":1,"minecraft:granite":1,"minecraft:bone_meal":1,"minecraft:emerald":8,"minecraft:oak_sapling":12,"minecraft:crafting_table":15,"minecraft:ominous_bottle":2,"minecraft:chicken":1,"minecraft:wooden_pickaxe":2,"minecraft:shield":3,"minecraft:iron_axe":6,"minecraft:flint_and_steel":3,"minecraft:iron_shovel":4,"minecraft:beef":28,"minecraft:oak_boat":1,"minecraft:jungle_sapling":20,"minecraft:light_gray_wool":1,"minecraft:lectern":1,"minecraft:sugar_cane":420,"minecraft:birch_sapling":31,"minecraft:phantom_membrane":8,"minecraft:egg":4,"minecraft:raw_iron":287,"minecraft:sandstone":72,"minecraft:copper_ingot":1,"minecraft:redstone":39,"minecraft:dark_oak_planks":2,"minecraft:arrow":15,"minecraft:shears":1,"minecraft:hay_block":41,"minecraft:yellow_terracotta":104,"minecraft:mutton":10,"minecraft:white_wool":10,"minecraft:salmon":63,"minecraft:leather":32,"minecraft:birch_planks":15,"minecraft:oak_log":221,"minecraft:gunpowder":19,"minecraft:white_banner":2,"minecraft:orange_terracotta":62,"minecraft:smooth_sandstone":6,"minecraft:rabbit_hide":3,"minecraft:iron_ingot":329,"minecraft:cooked_chicken":1,"minecraft:cobweb":6,"minecraft:iron_sword":2,"minecraft:acacia_sapling":12,"minecraft:book":27,"minecraft:oak_slab":24,"minecraft:dripstone_block":4,"minecraft:gravel":19,"minecraft:birch_stairs":3,"minecraft:blast_furnace":8,"minecraft:white_bed":5,"minecraft:spider_eye":2,"minecraft:iron_helmet":4,"minecraft:gray_wool":1,"minecraft:terracotta":233,"minecraft:hopper":2,"minecraft:coal":1190},"minecraft:killed":{"minecraft:cave_spider":3,"minecraft:witch":1,"minecraft:spider":6,"minecraft:skeleton":17,"minecraft:chicken":1,"minecraft:pig":16,"minecraft:salmon":58,"minecraft:creeper":8,"minecraft:sheep":8,"minecraft:pillager":6,"minecraft:zombie":32,"minecraft:cow":17,"minecraft:phantom":14,"minecraft:husk":4,"minecraft:enderman":1},"minecraft:used":{"minecraft:iron_shovel":797,"minecraft:chest":12,"minecraft:shield":72,"minecraft:white_terracotta":45,"minecraft:iron_sword":176,"minecraft:stone":1,"minecraft:bell":1,"minecraft:iron_chestplate":2,"minecraft:jungle_planks":144,"minecraft:acacia_sapling":5,"minecraft:glass":140,"minecraft:jungle_sapling":16,"minecraft:lantern":7,"minecraft:grass_block":37,"minecraft:birch_sapling":19,"minecraft:iron_helmet":1,"minecraft:bow":3,"minecraft:oak_sapling":3,"minecraft:furnace":27,"minecraft:egg":1,"minecraft:diorite":1,"minecraft:stone_pickaxe":120,"minecraft:oak_planks":43,"minecraft:cactus":85,"minecraft:wooden_pickaxe":4,"minecraft:sandstone":19,"minecraft:sugar_cane":128,"minecraft:white_wool":1,"minecraft:golden_apple":1,"minecraft:sand":245,"minecraft:yellow_terracotta":104,"minecraft:blast_furnace":8,"minecraft:dripstone_block":1,"minecraft:shears":28,"minecraft:lever":2,"minecraft:birch_slab":58,"minecraft:bread":97,"minecraft:red_terracotta":26,"minecraft:andesite":1,"minecraft:birch_log":110,"minecraft:oak_boat":3,"minecraft:cobweb":5,"minecraft:oak_fence":8,"minecraft:iron_bars":52,"minecraft:enchanting_table":1,"minecraft:flint_and_steel":23,"minecraft:stone_shovel":9,"minecraft:redstone":22,"minecraft:cooked_salmon":40,"minecraft:sandstone_wall":1,"minecraft:torch":472,"minecraft:dirt":108,"minecraft:anvil":2,"minecraft:hopper":14,"minecraft:birch_door":2,"minecraft:iron_hoe":502,"minecraft:brown_terracotta":34,"minecraft:dark_oak_planks":1,"minecraft:bookshelf":14,"minecraft:iron_axe":1112,"minecraft:oak_stairs":70,"minecraft:smooth_sandstone":4,"minecraft:jungle_log":41,"minecraft:iron_boots":3,"minecraft:bamboo":4,"minecraft:cooked_beef":26,"minecraft:acacia_planks":231,"minecraft:orange_terracotta":90,"minecraft:iron_leggings":1,"minecraft:cooked_mutton":4,"minecraft:water_bucket":171,"minecraft:birch_planks":113,"minecraft:green_bed":1,"minecraft:cobblestone_slab":53,"minecraft:vine":20,"minecraft:terracotta":366,"minecraft:oak_slab":253,"minecraft:crafting_table":20,"minecraft:white_bed":6,"minecraft:smoker":24,"minecraft:oak_log":3,"minecraft:flower_pot":2,"minecraft:iron_pickaxe":2633,"minecraft:stone_axe":96,"minecraft:cobblestone":820,"minecraft:white_banner":1,"minecraft:cooked_porkchop":10,"minecraft:jungle_door":1,"minecraft:bucket":172,"minecraft:glass_pane":8,"minecraft:smooth_stone":12,"minecraft:birch_stairs":22},"minecraft:crafted":{"minecraft:oak_planks":340,"minecraft:smooth_stone":24,"minecraft:cobblestone_slab":114,"minecraft:birch_slab":54,"minecraft:stone":24,"minecraft:lever":2,"minecraft:bookshelf":14,"minecraft:cooked_mutton":5,"minecraft:iron_bars":48,"minecraft:green_dye":1,"minecraft:glass":92,"minecraft:hopper":15,"minecraft:iron_boots":2,"minecraft:chest":29,"minecraft:birch_door":3,"minecraft:oak_fence":6,"minecraft:smoker":3,"minecraft:oak_slab":258,"minecraft:cooked_porkchop":2,"minecraft:crafting_table":6,"minecraft:wooden_pickaxe":1,"minecraft:iron_helmet":2,"minecraft:birch_planks":200,"minecraft:iron_chestplate":2,"minecraft:book":16,"minecraft:paper":63,"minecraft:shield":4,"minecraft:stick":134,"minecraft:iron_ingot":109,"minecraft:iron_pickaxe":12,"minecraft:iron_block":3,"minecraft:birch_stairs":24,"minecraft:shears":1,"minecraft:stone_shovel":1,"minecraft:iron_nugget":45,"minecraft:furnace":11,"minecraft:blast_furnace":5,"minecraft:glass_pane":32,"minecraft:flint_and_steel":1,"minecraft:lantern":5,"minecraft:iron_axe":7,"minecraft:iron_hoe":2,"minecraft:stone_pickaxe":2,"minecraft:wheat":201,"minecraft:cooked_beef":3,"minecraft:enchanting_table":1,"minecraft:iron_sword":1,"minecraft:cooked_salmon":13,"minecraft:bucket":1,"minecraft:stone_axe":2,"minecraft:bread":123,"minecraft:jungle_planks":424,"minecraft:oak_boat":2,"minecraft:jungle_door":3,"minecraft:oak_stairs":76,"minecraft:iron_shovel":4,"minecraft:iron_leggings":2,"minecraft:anvil":1,"minecraft:white_bed":3,"minecraft:acacia_planks":280,"minecraft:torch":428}},"DataVersion":3953}