{"stats":{"minecraft:killed_by":{"minecraft:husk":1,"minecraft:player":3,"minecraft:creeper":1,"minecraft:enderman":1,"minecraft:skeleton":3},"minecraft:mined":{"minecraft:dark_oak_planks":2,"minecraft:white_bed":75,"minecraft:stone_pressure_plate":1,"minecraft:cobblestone_stairs":22,"minecraft:jungle_leaves":2,"minecraft:birch_fence_gate":1,"minecraft:dark_oak_fence":2,"minecraft:red_sand":4,"minecraft:acacia_log":77,"minecraft:grass_block":3,"minecraft:birch_slab":17,"minecraft:composter":4,"minecraft:sandstone":1222,"minecraft:sandstone_stairs":9,"minecraft:hay_block":16,"minecraft:magma_block":1,"minecraft:furnace":6,"minecraft:iron_ore":186,"minecraft:chiseled_sandstone":1,"minecraft:andesite":1,"minecraft:pumpkin":7,"minecraft:gold_block":1,"minecraft:bell":2,"minecraft:cave_vines":1,"minecraft:smooth_sandstone_stairs":1,"minecraft:stone":325,"minecraft:green_bed":41,"minecraft:smithing_table":5,"minecraft:sandstone_slab":101,"minecraft:oak_slab":7,"minecraft:cut_sandstone":9,"minecraft:acacia_leaves":43,"minecraft:jungle_door":1,"minecraft:soul_sand":22,"minecraft:orange_terracotta":76,"minecraft:smooth_sandstone":13,"minecraft:crafting_table":32,"minecraft:torch":11,"minecraft:light_gray_terracotta":1,"minecraft:blast_furnace":9,"minecraft:short_grass":7,"minecraft:emerald_ore":7,"minecraft:chest":4,"minecraft:dead_bush":32,"minecraft:cobblestone":124,"minecraft:cyan_bed":15,"minecraft:sugar_cane":3,"minecraft:smooth_sandstone_slab":11,"minecraft:wall_torch":7,"minecraft:diorite":15,"minecraft:white_terracotta":1,"minecraft:cactus":1,"minecraft:birch_planks":132,"minecraft:lime_bed":68,"minecraft:birch_log":53,"minecraft:wheat":39,"minecraft:birch_trapdoor":3,"minecraft:birch_leaves":65,"minecraft:tnt":9,"minecraft:coal_ore":125,"minecraft:oak_log":22,"minecraft:gravel":18,"minecraft:sand":242,"minecraft:dirt":14,"minecraft:cobweb":61,"minecraft:terracotta":833,"minecraft:netherrack":250,"minecraft:gold_ore":16,"minecraft:acacia_wall_sign":1,"minecraft:oak_leaves":58},"minecraft:broken":{"minecraft:iron_axe":2,"minecraft:iron_pickaxe":13,"minecraft:iron_helmet":1},"minecraft:custom":{"minecraft:interact_with_anvil":1,"minecraft:mob_kills":60,"minecraft:interact_with_crafting_table":86,"minecraft:bell_ring":66,"minecraft:leave_game":11,"minecraft:time_since_death":74119,"minecraft:climb_one_cm":15086,"minecraft:sprint_one_cm":1384244,"minecraft:walk_one_cm":2083738,"minecraft:drop":121,"minecraft:talked_to_villager":52,"minecraft:play_time":997860,"minecraft:deaths":10,"minecraft:sneak_time":93265,"minecraft:walk_under_water_one_cm":203686,"minecraft:boat_one_cm":175031,"minecraft:jump":13449,"minecraft:interact_with_blast_furnace":7,"minecraft:walk_on_water_one_cm":341581,"minecraft:total_world_time":997860,"minecraft:interact_with_furnace":61,"minecraft:traded_with_villager":112,"minecraft:interact_with_stonecutter":6,"minecraft:sleep_in_bed":19,"minecraft:time_since_rest":11087,"minecraft:damage_taken":10077,"minecraft:damage_dealt":12358,"minecraft:player_kills":1,"minecraft:swim_one_cm":187072,"minecraft:fly_one_cm":2305113,"minecraft:open_chest":123,"minecraft:crouch_one_cm":222653,"minecraft:interact_with_smoker":7,"minecraft:fall_one_cm":340625},"minecraft:dropped":{"minecraft:bread":215,"minecraft:wheat_seeds":12,"minecraft:cooked_porkchop":2,"minecraft:iron_helmet":1,"minecraft:cobblestone":5,"minecraft:stick":7,"minecraft:rabbit":2,"minecraft:bone_meal":2,"minecraft:sand":123,"minecraft:iron_pickaxe":1,"minecraft:cactus":7,"minecraft:iron_shovel":2,"minecraft:string":2,"minecraft:bone":4,"minecraft:gravel":1,"minecraft:wheat":2,"minecraft:rotten_flesh":16,"minecraft:rabbit_hide":1,"minecraft:lime_bed":1,"minecraft:birch_trapdoor":4,"minecraft:beetroot_seeds":1,"minecraft:oak_sapling":1,"minecraft:acacia_sapling":1,"minecraft:oak_boat":1,"minecraft:spider_eye":1,"minecraft:bamboo":2,"minecraft:sandstone":1,"minecraft:arrow":2,"minecraft:cyan_bed":1,"minecraft:terracotta":4},"minecraft:picked_up":{"minecraft:iron_chestplate":2,"minecraft:crafting_table":34,"minecraft:wheat":40,"minecraft:sandstone_slab":114,"minecraft:clay_ball":1,"minecraft:flower_pot":1,"minecraft:smithing_table":6,"minecraft:wooden_pickaxe":1,"minecraft:enchanted_book":2,"minecraft:shield":2,"minecraft:string":76,"minecraft:cooked_salmon":11,"minecraft:iron_axe":3,"minecraft:iron_leggings":2,"minecraft:iron_shovel":2,"minecraft:red_sand":4,"minecraft:oak_boat":1,"minecraft:iron_pickaxe":4,"minecraft:sugar_cane":14,"minecraft:chest":10,"minecraft:birch_sapling":14,"minecraft:furnace":7,"minecraft:phantom_membrane":4,"minecraft:iron_boots":2,"minecraft:egg":4,"minecraft:raw_iron":187,"minecraft:stick":70,"minecraft:sandstone":1262,"minecraft:jungle_door":2,"minecraft:composter":4,"minecraft:birch_trapdoor":9,"minecraft:torch":37,"minecraft:acacia_log":86,"minecraft:green_bed":41,"minecraft:porkchop":9,"minecraft:diorite":15,"minecraft:stone_pressure_plate":1,"minecraft:dark_oak_planks":2,"minecraft:smooth_sandstone_slab":14,"minecraft:tnt":10,"minecraft:cactus":8,"minecraft:arrow":2,"minecraft:rotten_flesh":42,"minecraft:beetroot_seeds":1,"minecraft:hay_block":16,"minecraft:sandstone_stairs":9,"minecraft:armadillo_scute":1,"minecraft:gold_ingot":21,"minecraft:white_terracotta":1,"minecraft:rail":17,"minecraft:cobblestone":479,"minecraft:birch_log":53,"minecraft:lime_bed":72,"minecraft:dune_armor_trim_smithing_template":4,"minecraft:jungle_log":3,"minecraft:birch_slab":36,"minecraft:water_bucket":1,"minecraft:andesite":1,"minecraft:cut_sandstone":8,"minecraft:birch_planks":78,"minecraft:smooth_sandstone_stairs":1,"minecraft:oak_log":21,"minecraft:acacia_boat":15,"minecraft:gunpowder":20,"minecraft:cobblestone_stairs":35,"minecraft:dirt":26,"minecraft:name_tag":2,"minecraft:orange_terracotta":76,"minecraft:smooth_sandstone":12,"minecraft:bone":18,"minecraft:acacia_planks":13,"minecraft:apple":8,"minecraft:wheat_seeds":158,"minecraft:raw_gold":16,"minecraft:bell":3,"minecraft:rabbit_hide":1,"minecraft:iron_ingot":245,"minecraft:stone_pickaxe":1,"minecraft:rabbit":2,"minecraft:bamboo":2,"minecraft:powered_rail":4,"minecraft:iron_sword":2,"minecraft:acacia_sapling":15,"minecraft:soul_sand":39,"minecraft:oak_slab":11,"minecraft:cooked_porkchop":10,"minecraft:pumpkin":15,"minecraft:gravel":17,"minecraft:birch_fence_gate":1,"minecraft:sand":274,"minecraft:blast_furnace":9,"minecraft:white_bed":76,"minecraft:cyan_bed":18,"minecraft:chiseled_sandstone":1,"minecraft:spider_eye":2,"minecraft:light_gray_terracotta":1,"minecraft:diamond":4,"minecraft:iron_helmet":1,"minecraft:golden_apple":6,"minecraft:emerald":21,"minecraft:bread":61,"minecraft:terracotta":782,"minecraft:oak_sapling":18,"minecraft:netherrack":255,"minecraft:dark_oak_fence":2,"minecraft:coal":355,"minecraft:ender_pearl":1},"minecraft:killed":{"minecraft:cave_spider":2,"minecraft:spider":2,"minecraft:phantom":2,"minecraft:skeleton":3,"minecraft:drowned":7,"minecraft:husk":15,"minecraft:pig":5,"minecraft:rabbit":1,"minecraft:zombie":23},"minecraft:used":{"minecraft:iron_shovel":144,"minecraft:acacia_log":9,"minecraft:chest":10,"minecraft:white_terracotta":1,"minecraft:iron_sword":148,"minecraft:cooked_salmon":11,"minecraft:smooth_sandstone_stairs":1,"minecraft:bell":2,"minecraft:rotten_flesh":23,"minecraft:netherrack":203,"minecraft:torch":41,"minecraft:soul_sand":5,"minecraft:dirt":26,"minecraft:hopper":9,"minecraft:acacia_sapling":11,"minecraft:oak_fence_gate":6,"minecraft:glass":6,"minecraft:dark_oak_planks":1,"minecraft:lava_bucket":3,"minecraft:iron_axe":514,"minecraft:birch_sapling":8,"minecraft:smooth_sandstone":12,"minecraft:birch_trapdoor":3,"minecraft:oak_sapling":16,"minecraft:furnace":7,"minecraft:egg":4,"minecraft:orange_terracotta":76,"minecraft:wheat_seeds":38,"minecraft:acacia_boat":15,"minecraft:water_bucket":177,"minecraft:cobblestone_stairs":114,"minecraft:sandstone_stairs":61,"minecraft:birch_planks":124,"minecraft:stone_pickaxe":85,"minecraft:cactus":1,"minecraft:cut_sandstone":8,"minecraft:smooth_sandstone_slab":14,"minecraft:wooden_pickaxe":33,"minecraft:composter":5,"minecraft:sandstone":1036,"minecraft:sugar_cane":7,"minecraft:green_bed":41,"minecraft:stonecutter":1,"minecraft:glow_berries":10,"minecraft:sand":31,"minecraft:terracotta":774,"minecraft:oak_slab":8,"minecraft:lime_bed":67,"minecraft:blast_furnace":10,"minecraft:light_gray_terracotta":1,"minecraft:crafting_table":36,"minecraft:white_bed":78,"minecraft:campfire":9,"minecraft:birch_fence":12,"minecraft:flower_pot":1,"minecraft:birch_fence_gate":26,"minecraft:acacia_sign":10,"minecraft:iron_pickaxe":3315,"minecraft:birch_slab":18,"minecraft:bread":153,"minecraft:cyan_bed":16,"minecraft:gravel":1,"minecraft:acacia_fence_gate":3,"minecraft:cobblestone":272,"minecraft:dark_oak_fence":2,"minecraft:smithing_table":6,"minecraft:cooked_porkchop":13,"minecraft:andesite":1,"minecraft:jungle_door":2,"minecraft:bucket":181,"minecraft:sandstone_slab":225,"minecraft:bone_meal":34},"minecraft:crafted":{"minecraft:smooth_stone":6,"minecraft:oak_planks":60,"minecraft:stone_shovel":2,"minecraft:smooth_stone_slab":6,"minecraft:birch_slab":18,"minecraft:furnace":2,"minecraft:acacia_fence_gate":3,"minecraft:blast_furnace":1,"minecraft:cobblestone_stairs":12,"minecraft:stone":11,"minecraft:bone_meal":36,"minecraft:glass":18,"minecraft:hopper":9,"minecraft:iron_boots":1,"minecraft:iron_axe":3,"minecraft:birch_fence_gate":25,"minecraft:stone_pickaxe":1,"minecraft:chest":16,"minecraft:wheat":144,"minecraft:oak_slab":6,"minecraft:emerald":53,"minecraft:cooked_porkchop":9,"minecraft:crafting_table":6,"minecraft:acacia_slab":6,"minecraft:wooden_pickaxe":1,"minecraft:iron_helmet":2,"minecraft:smithing_table":1,"minecraft:bucket":2,"minecraft:birch_planks":212,"minecraft:campfire":9,"minecraft:air":0,"minecraft:bread":395,"minecraft:acacia_boat":1,"minecraft:apple":4,"minecraft:oak_fence_gate":6,"minecraft:white_wool":18,"minecraft:iron_chestplate":1,"minecraft:acacia_sign":9,"minecraft:shield":1,"minecraft:birch_fence":12,"minecraft:stick":188,"minecraft:iron_ingot":136,"minecraft:iron_pickaxe":14,"minecraft:birch_trapdoor":2,"minecraft:gold_ingot":16,"minecraft:iron_leggings":1,"minecraft:sandstone":11,"minecraft:stonecutter":1,"minecraft:white_bed":6,"minecraft:composter":1,"minecraft:acacia_planks":192,"minecraft:sandstone_stairs":52}},"DataVersion":3953}