{"stats":{"minecraft:dropped":{"minecraft:iron_sword":2,"minecraft:diamond_axe":9,"minecraft:lapis_lazuli":32,"minecraft:diamond":2,"minecraft:crafting_table":2,"minecraft:dirt":10,"minecraft:cut_sandstone":12,"minecraft:bone_meal":3,"minecraft:iron_pickaxe":1,"minecraft:bone":3,"minecraft:gravel":2,"minecraft:golden_chestplate":1,"minecraft:cobbled_deepslate":67,"minecraft:rabbit_foot":1,"minecraft:rabbit_hide":3,"minecraft:jungle_log":3,"minecraft:arrow":5,"minecraft:quartz":1,"minecraft:water_bucket":2,"minecraft:bread":8,"minecraft:wheat_seeds":5,"minecraft:golden_helmet":1,"minecraft:feather":2,"minecraft:cobblestone":377,"minecraft:apple":1,"minecraft:granite":26,"minecraft:coal":67,"minecraft:stick":5,"minecraft:lava_bucket":1,"minecraft:diorite":8,"minecraft:ink_sac":14,"minecraft:rabbit":3,"minecraft:cooked_salmon":3,"minecraft:brown_terracotta":3,"minecraft:smooth_sandstone_slab":1,"minecraft:iron_axe":5,"minecraft:smooth_sandstone":1,"minecraft:iron_shovel":3,"minecraft:string":2,"minecraft:redstone":14,"minecraft:raw_copper":6,"minecraft:white_terracotta":1,"minecraft:shears":1,"minecraft:orange_terracotta":4,"minecraft:diamond_pickaxe":5,"minecraft:andesite":104,"minecraft:oak_sapling":2,"minecraft:golden_sword":1,"minecraft:bamboo":6,"minecraft:sandstone":2,"minecraft:wooden_pickaxe":1,"minecraft:terracotta":3},"minecraft:used":{"minecraft:red_sand":2,"minecraft:iron_shovel":204,"minecraft:chest":10,"minecraft:white_terracotta":235,"minecraft:shield":81,"minecraft:iron_sword":237,"minecraft:smooth_sandstone_stairs":15,"minecraft:rotten_flesh":28,"minecraft:jungle_planks":1,"minecraft:acacia_sapling":42,"minecraft:tuff":6,"minecraft:obsidian":10,"minecraft:jungle_sapling":9,"minecraft:lava_bucket":15,"minecraft:quartz_slab":433,"minecraft:birch_sapling":12,"minecraft:golden_sword":4,"minecraft:bow":20,"minecraft:oak_sapling":14,"minecraft:furnace":12,"minecraft:acacia_fence":1,"minecraft:egg":12,"minecraft:stripped_acacia_log":4,"minecraft:stone_pickaxe":262,"minecraft:oak_planks":244,"minecraft:jungle_fence":7,"minecraft:cactus":1,"minecraft:wooden_pickaxe":55,"minecraft:sandstone":14,"minecraft:diamond_axe":1603,"minecraft:sand":221,"minecraft:loom":2,"minecraft:blast_furnace":3,"minecraft:light_gray_terracotta":6,"minecraft:stone_button":3,"minecraft:gravel":4,"minecraft:cooked_rabbit":2,"minecraft:andesite":57,"minecraft:chest_minecart":2,"minecraft:bone_meal":2,"minecraft:granite_stairs":2,"minecraft:acacia_log":156,"minecraft:cooked_salmon":132,"minecraft:netherrack":76,"minecraft:torch":50,"minecraft:dirt":76,"minecraft:salmon_bucket":2,"minecraft:granite":1,"minecraft:birch_door":2,"minecraft:bamboo_fence":22,"minecraft:iron_axe":225,"minecraft:oak_stairs":49,"minecraft:acacia_slab":33,"minecraft:smooth_sandstone":51,"minecraft:jungle_log":49,"minecraft:iron_boots":1,"minecraft:bamboo":145,"minecraft:cooked_beef":5,"minecraft:acacia_planks":5,"minecraft:orange_terracotta":15,"minecraft:bamboo_planks":726,"minecraft:acacia_boat":4,"minecraft:water_bucket":53,"minecraft:sandstone_stairs":55,"minecraft:rabbit":1,"minecraft:birch_planks":1,"minecraft:cut_sandstone":24,"minecraft:cauldron":1,"minecraft:green_bed":3,"minecraft:rail":2,"minecraft:terracotta":377,"minecraft:oak_slab":2,"minecraft:crafting_table":17,"minecraft:bamboo_block":3,"minecraft:smoker":3,"minecraft:diamond_pickaxe":3743,"minecraft:acacia_stairs":32,"minecraft:stripped_jungle_log":3,"minecraft:iron_pickaxe":527,"minecraft:stone_axe":77,"minecraft:cobblestone":294,"minecraft:jungle_door":5,"minecraft:cooked_porkchop":4,"minecraft:bucket":71,"minecraft:sandstone_slab":1,"minecraft:glass_pane":77,"minecraft:sea_pickle":2},"minecraft:killed":{"minecraft:cave_spider":1,"minecraft:spider":4,"minecraft:skeleton":16,"minecraft:magma_cube":16,"minecraft:piglin":15,"minecraft:pig":1,"minecraft:salmon":131,"minecraft:creeper":7,"minecraft:sheep":5,"minecraft:zombie":37,"minecraft:ghast":1,"minecraft:cow":9,"minecraft:armadillo":2,"minecraft:phantom":12,"minecraft:drowned":4,"minecraft:husk":1,"minecraft:rabbit":4},"minecraft:crafted":{"minecraft:oak_planks":508,"minecraft:wolf_armor":1,"minecraft:bamboo_block":384,"minecraft:quartz_block":183,"minecraft:glass":6,"minecraft:iron_boots":1,"minecraft:chest":7,"minecraft:cooked_rabbit":2,"minecraft:diamond_axe":2,"minecraft:crafting_table":5,"minecraft:acacia_slab":30,"minecraft:wooden_pickaxe":1,"minecraft:iron_helmet":1,"minecraft:hay_block":46,"minecraft:birch_planks":12,"minecraft:bamboo_planks":662,"minecraft:iron_chestplate":1,"minecraft:diamond_pickaxe":3,"minecraft:shield":2,"minecraft:stick":13,"minecraft:iron_ingot":215,"minecraft:iron_pickaxe":1,"minecraft:iron_block":21,"minecraft:sandstone_stairs":44,"minecraft:coal":54,"minecraft:bamboo_fence":21,"minecraft:furnace":4,"minecraft:glass_pane":48,"minecraft:stone_pickaxe":2,"minecraft:quartz_slab":366,"minecraft:jungle_fence":6,"minecraft:wheat":414,"minecraft:cooked_beef":23,"minecraft:coal_block":18,"minecraft:iron_sword":1,"minecraft:cooked_salmon":143,"minecraft:acacia_stairs":24,"minecraft:bucket":1,"minecraft:stone_axe":1,"minecraft:bread":3,"minecraft:acacia_boat":1,"minecraft:air":0,"minecraft:jungle_planks":316,"minecraft:iron_shovel":1,"minecraft:iron_leggings":1,"minecraft:acacia_planks":120,"minecraft:torch":16},"minecraft:broken":{"minecraft:iron_shovel":2,"minecraft:golden_boots":1,"minecraft:stone_pickaxe":2,"minecraft:diamond_pickaxe":2,"minecraft:stone_axe":1,"minecraft:wooden_pickaxe":1,"minecraft:shield":1,"minecraft:diamond_axe":1,"minecraft:iron_axe":1,"minecraft:iron_pickaxe":2},"minecraft:killed_by":{"minecraft:creeper":1,"minecraft:zombie":1,"minecraft:player":3,"minecraft:spider":1},"minecraft:picked_up":{"minecraft:birch_door":2,"minecraft:iron_chestplate":1,"minecraft:wheat":1,"minecraft:oak_stairs":49,"minecraft:enchanted_book":1,"minecraft:golden_sword":1,"minecraft:string":72,"minecraft:raw_copper":6,"minecraft:cooked_salmon":53,"minecraft:iron_leggings":1,"minecraft:sea_pickle":2,"minecraft:red_sand":7,"minecraft:cobbled_deepslate":515,"minecraft:iron_pickaxe":2,"minecraft:melon_slice":32,"minecraft:coal_block":17,"minecraft:iron_boots":2,"minecraft:furnace":10,"minecraft:golden_helmet":1,"minecraft:stick":488,"minecraft:acacia_fence":1,"minecraft:jungle_door":4,"minecraft:brown_terracotta":113,"minecraft:torch":85,"minecraft:acacia_log":291,"minecraft:green_bed":3,"minecraft:porkchop":2,"minecraft:pointed_dripstone":4,"minecraft:diorite":8,"minecraft:golden_chestplate":1,"minecraft:cauldron":2,"minecraft:rabbit_foot":1,"minecraft:bamboo_block":3,"minecraft:cactus":4,"minecraft:rotten_flesh":72,"minecraft:armadillo_scute":8,"minecraft:white_terracotta":254,"minecraft:obsidian":23,"minecraft:cobblestone":902,"minecraft:birch_log":162,"minecraft:cooked_beef":2,"minecraft:feather":2,"minecraft:water_bucket":4,"minecraft:andesite":263,"minecraft:jungle_log":152,"minecraft:smoker":3,"minecraft:flint":2,"minecraft:tuff":50,"minecraft:smooth_sandstone_stairs":15,"minecraft:acacia_boat":3,"minecraft:lapis_lazuli":38,"minecraft:dirt":87,"minecraft:name_tag":3,"minecraft:bone":43,"minecraft:acacia_planks":35,"minecraft:bow":3,"minecraft:wheat_seeds":20,"minecraft:raw_gold":40,"minecraft:grindstone":1,"minecraft:glowstone_dust":62,"minecraft:rabbit":6,"minecraft:fletching_table":1,"minecraft:bamboo":3383,"minecraft:oak_planks":294,"minecraft:cooked_porkchop":4,"minecraft:jungle_planks":1,"minecraft:sand":311,"minecraft:ink_sac":14,"minecraft:loom":2,"minecraft:acacia_stairs":13,"minecraft:red_terracotta":19,"minecraft:stripped_acacia_log":4,"minecraft:light_gray_terracotta":15,"minecraft:diamond":155,"minecraft:granite":39,"minecraft:bone_meal":5,"minecraft:emerald":4,"minecraft:oak_sapling":35,"minecraft:netherrack":289,"minecraft:dark_oak_fence":4,"minecraft:diamond_pickaxe":6,"minecraft:cocoa_beans":37,"minecraft:crafting_table":14,"minecraft:sandstone_slab":1,"minecraft:chest_minecart":4,"minecraft:wooden_pickaxe":2,"minecraft:shield":2,"minecraft:iron_axe":6,"minecraft:flint_and_steel":1,"minecraft:quartz_slab":67,"minecraft:iron_shovel":6,"minecraft:glass_pane":5,"minecraft:cartography_table":2,"minecraft:beef":24,"minecraft:jungle_sapling":6,"minecraft:light_gray_wool":1,"minecraft:chest":3,"minecraft:sugar_cane":32,"minecraft:birch_sapling":29,"minecraft:phantom_membrane":18,"minecraft:egg":12,"minecraft:raw_iron":116,"minecraft:sandstone":148,"minecraft:copper_ingot":1,"minecraft:stone_button":3,"minecraft:carrot":1,"minecraft:redstone":14,"minecraft:smooth_sandstone_slab":1,"minecraft:arrow":25,"minecraft:shears":2,"minecraft:hay_block":46,"minecraft:sandstone_stairs":11,"minecraft:yellow_terracotta":8,"minecraft:mutton":3,"minecraft:white_wool":5,"minecraft:rail":38,"minecraft:salmon":130,"minecraft:cut_sandstone":42,"minecraft:leather":25,"minecraft:jungle_fence":1,"minecraft:red_mushroom":1,"minecraft:birch_planks":1,"minecraft:granite_stairs":4,"minecraft:oak_log":189,"minecraft:chainmail_chestplate":1,"minecraft:golden_boots":1,"minecraft:gunpowder":13,"minecraft:orange_terracotta":424,"minecraft:smooth_sandstone":122,"minecraft:apple":8,"minecraft:rabbit_hide":3,"minecraft:iron_ingot":153,"minecraft:iron_sword":1,"minecraft:acacia_sapling":44,"minecraft:book":24,"minecraft:oak_slab":2,"minecraft:bamboo_fence":1,"minecraft:bamboo_planks":151,"minecraft:quartz":960,"minecraft:gravel":8,"minecraft:lava_bucket":1,"minecraft:blast_furnace":10,"minecraft:white_bed":2,"minecraft:spider_eye":3,"minecraft:stripped_jungle_log":48,"minecraft:pumpkin_seeds":5,"minecraft:iron_helmet":1,"minecraft:diamond_axe":10,"minecraft:terracotta":927,"minecraft:acacia_slab":3,"minecraft:coal":401},"minecraft:custom":{"minecraft:animals_bred":3,"minecraft:interact_with_crafting_table":104,"minecraft:bell_ring":13,"minecraft:leave_game":20,"minecraft:time_since_death":171323,"minecraft:sprint_one_cm":1881373,"minecraft:damage_blocked_by_shield":5438,"minecraft:drop":136,"minecraft:talked_to_villager":4,"minecraft:play_time":797689,"minecraft:deaths":7,"minecraft:jump":15956,"minecraft:walk_on_water_one_cm":79680,"minecraft:interact_with_furnace":133,"minecraft:interact_with_loom":2,"minecraft:sleep_in_bed":15,"minecraft:damage_dealt":25498,"minecraft:player_kills":2,"minecraft:crouch_one_cm":76388,"minecraft:interact_with_smoker":3,"minecraft:horse_one_cm":520,"minecraft:mob_kills":283,"minecraft:climb_one_cm":28411,"minecraft:walk_one_cm":2001831,"minecraft:sneak_time":27853,"minecraft:walk_under_water_one_cm":100036,"minecraft:boat_one_cm":36066,"minecraft:interact_with_blast_furnace":51,"minecraft:total_world_time":797689,"minecraft:time_since_rest":135868,"minecraft:damage_taken":9218,"minecraft:swim_one_cm":312979,"minecraft:fly_one_cm":2827445,"minecraft:open_chest":406,"minecraft:fall_one_cm":419153},"minecraft:mined":{"minecraft:farmland":7,"minecraft:jungle_leaves":9,"minecraft:obsidian":23,"minecraft:granite":26,"minecraft:red_sand":7,"minecraft:acacia_log":234,"minecraft:grass_block":5,"minecraft:jungle_log":151,"minecraft:composter":1,"minecraft:bamboo_block":3,"minecraft:sandstone_stairs":11,"minecraft:tall_seagrass":5,"minecraft:glowstone":20,"minecraft:iron_ore":67,"minecraft:fire":82,"minecraft:fletching_table":1,"minecraft:pointed_dripstone":2,"minecraft:water_cauldron":2,"minecraft:oak_stairs":31,"minecraft:quartz_slab":59,"minecraft:smooth_sandstone_stairs":15,"minecraft:granite_stairs":4,"minecraft:green_bed":4,"minecraft:sandstone_slab":1,"minecraft:cut_sandstone":31,"minecraft:jungle_door":3,"minecraft:orange_terracotta":417,"minecraft:light_gray_terracotta":23,"minecraft:blast_furnace":2,"minecraft:melon":8,"minecraft:chest":3,"minecraft:dead_bush":229,"minecraft:nether_quartz_ore":740,"minecraft:cobblestone":59,"minecraft:cyan_bed":1,"minecraft:grindstone":1,"minecraft:oak_planks":236,"minecraft:smooth_sandstone_slab":3,"minecraft:wall_torch":2,"minecraft:seagrass":3,"minecraft:white_terracotta":263,"minecraft:acacia_sapling":6,"minecraft:bamboo_planks":150,"minecraft:birch_log":73,"minecraft:wheat":1,"minecraft:birch_door":2,"minecraft:oak_log":133,"minecraft:acacia_fence":1,"minecraft:loom":2,"minecraft:sand":247,"minecraft:dirt":65,"minecraft:netherrack":289,"minecraft:oak_leaves":27,"minecraft:deepslate":335,"minecraft:granite_wall":1,"minecraft:diamond_ore":4,"minecraft:tuff":27,"minecraft:deepslate_diamond_ore":83,"minecraft:bamboo_fence":1,"minecraft:dark_oak_fence":2,"minecraft:jungle_planks":1,"minecraft:acacia_slab":2,"minecraft:cartography_table":2,"minecraft:sandstone":153,"minecraft:hay_block":46,"minecraft:furnace":10,"minecraft:acacia_stairs":12,"minecraft:andesite":61,"minecraft:bookshelf":8,"minecraft:rail":4,"minecraft:deepslate_iron_ore":49,"minecraft:vine":5,"minecraft:stripped_acacia_log":2,"minecraft:stripped_jungle_log":48,"minecraft:bamboo_sapling":1,"minecraft:bamboo":330,"minecraft:stone":495,"minecraft:oak_slab":2,"minecraft:acacia_leaves":51,"minecraft:glass_pane":5,"minecraft:smooth_sandstone":115,"minecraft:crafting_table":11,"minecraft:short_grass":42,"minecraft:tall_grass":4,"minecraft:copper_ore":1,"minecraft:deepslate_gold_ore":19,"minecraft:diorite":17,"minecraft:lime_bed":1,"minecraft:birch_planks":1,"minecraft:cactus":2,"minecraft:red_terracotta":19,"minecraft:sea_pickle":1,"minecraft:birch_leaves":3,"minecraft:jungle_fence":1,"minecraft:coal_ore":149,"minecraft:cocoa":15,"minecraft:gravel":13,"minecraft:cobweb":10,"minecraft:brown_terracotta":113,"minecraft:terracotta":796,"minecraft:acacia_planks":1}},"DataVersion":3953}